NAME,SEASON,PTS,REB,AST,USG%,TS%,BLK,STL,FT%,3P%,FG%,G,PER,WS,BPM,VORP
Aaron Gordon,2018-2019,1248.0,577.2,288.6,21.2,0.5379999999999999,54.599999999999994,54.599999999999994,0.731,0.349,0.449,78,15.1,5.1,1.0,2.0
Aaron Holiday,2018-2019,295.0,65.0,85.0,20.4,0.518,15.0,20.0,0.82,0.33899999999999997,0.401,50,11.9,0.9,-2.6,-0.1
Abdel Nader,2018-2019,244.0,115.89999999999999,18.3,14.7,0.522,12.200000000000001,18.3,0.75,0.32,0.423,61,8.8,0.9,-5.1,-0.5
Al Horford,2018-2019,924.8,455.6,285.6,18.7,0.605,88.4,61.2,0.821,0.36,0.535,68,20.2,7.5,4.8,3.4
Al-Farouq Aminu,2018-2019,761.4,607.5,105.3,13.3,0.568,32.4,64.8,0.867,0.34299999999999997,0.433,81,13.2,5.8,0.9,1.7
Alan Williams,2018-2019,18.0,19.0,3.0,22.2,0.61,0.0,1.0,0.5,0.0,0.615,5,32.9,0.2,5.8,0.1
Alec Burks,2018-2019,563.2,236.8,128.0,18.4,0.523,19.2,38.4,0.823,0.363,0.405,64,12.7,1.5,-2.2,-0.1
Alex Abrines,2018-2019,164.29999999999998,46.5,18.599999999999998,11.9,0.507,6.2,15.5,0.9229999999999999,0.32299999999999995,0.35700000000000004,31,6.3,0.6,-3.4,-0.2
Alex Caruso,2018-2019,229.99999999999997,67.5,77.5,18.4,0.569,10.0,25.0,0.797,0.48,0.445,25,13.9,1.0,-0.9,0.2
Alex Len,2018-2019,854.6999999999999,423.5,84.7,21.2,0.575,69.3,30.8,0.648,0.363,0.494,77,17.2,3.2,-0.9,0.4
Alex Poythress,2018-2019,107.1,75.60000000000001,16.8,13.8,0.5710000000000001,10.5,4.2,0.621,0.391,0.494,21,12.2,0.5,-2.2,0.0
Alfonzo McKinnie,2018-2019,338.40000000000003,244.79999999999998,28.8,12.9,0.569,14.4,21.599999999999998,0.563,0.35600000000000004,0.48700000000000004,72,11.2,2.1,-2.5,-0.1
Alize Johnson,2018-2019,12.6,19.599999999999998,1.4000000000000001,11.6,0.33299999999999996,2.8000000000000003,1.4000000000000001,0.5,0.5,0.25,14,6.3,0.0,-8.1,-0.1
Allen Crabbe,2018-2019,412.8,146.2,47.300000000000004,15.8,0.519,12.9,21.5,0.732,0.37799999999999995,0.36700000000000005,43,7.7,0.8,-2.5,-0.1
Allonzo Trier,2018-2019,697.6,198.4,121.6,20.6,0.564,12.8,25.6,0.8029999999999999,0.39399999999999996,0.44799999999999995,64,12.2,0.9,-4.2,-0.8
Amile Jefferson,2018-2019,27.599999999999998,21.6,3.5999999999999996,12.4,0.6920000000000001,3.5999999999999996,3.5999999999999996,0.875,,0.625,12,21.1,0.4,2.1,0.1
Amir Johnson,2018-2019,198.9,147.9,61.199999999999996,16.6,0.574,15.299999999999999,15.299999999999999,0.7559999999999999,0.3,0.503,51,13.1,1.1,-0.7,0.2
Andre Drummond,2018-2019,1366.7,1232.3999999999999,110.6,22.5,0.555,134.29999999999998,134.29999999999998,0.59,0.132,0.5329999999999999,79,23.4,10.0,2.9,3.3
Andre Iguodala,2018-2019,387.6,251.60000000000002,217.60000000000002,10.0,0.5870000000000001,54.400000000000006,61.2,0.5820000000000001,0.33299999999999996,0.5,68,13.1,4.2,1.9,1.6
Andre Ingram,2018-2019,0.0,2.0,0.0,18.4,0.0,0.0,1.2,,0.0,0.0,4,-11.9,-0.1,-19.9,-0.1
Andrew Bogut,2018-2019,38.5,55.0,11.0,14.6,0.523,7.699999999999999,3.3,1.0,,0.5,11,13.4,0.3,-1.3,0.0
Andrew Harrison,2018-2019,54.400000000000006,20.4,23.799999999999997,16.9,0.44299999999999995,1.7000000000000002,3.4000000000000004,0.9440000000000001,0.2,0.302,17,5.8,-0.1,-6.6,-0.2
Andrew Wiggins,2018-2019,1321.3000000000002,350.4,182.5,23.9,0.493,51.099999999999994,73.0,0.6990000000000001,0.33899999999999997,0.41200000000000003,73,12.4,0.6,-2.9,-0.6
Anfernee Simons,2018-2019,76.0,14.0,14.0,23.7,0.535,0.0,2.0,0.563,0.345,0.444,20,11.1,0.1,-6.3,-0.2
Angel Delgado,2018-2019,3.0,4.0,0.0,15.0,0.255,0.0,1.0,0.5,,0.2,2,4.3,0.0,-12.7,0.0
Ante Zizic,2018-2019,460.2,318.6,53.1,17.7,0.59,23.6,11.8,0.705,,0.5529999999999999,59,16.2,2.0,-3.1,-0.3
Anthony Davis,2018-2019,1450.3999999999999,672.0,218.4,28.7,0.597,134.4,89.60000000000001,0.794,0.331,0.517,56,30.3,9.5,8.5,4.9
Anthony Tolliver,2018-2019,325.0,175.5,45.5,12.0,0.5710000000000001,19.5,19.5,0.7829999999999999,0.377,0.382,65,8.6,1.2,-2.2,-0.1
Antonio Blakeney,2018-2019,416.09999999999997,108.3,39.9,23.7,0.48700000000000004,11.4,11.4,0.6579999999999999,0.396,0.419,57,10.6,-0.5,-8.4,-1.3
Aron Baynes,2018-2019,285.59999999999997,239.70000000000002,56.1,14.5,0.5670000000000001,35.699999999999996,10.200000000000001,0.855,0.344,0.47100000000000003,51,14.0,2.4,0.2,0.5
Austin Rivers,2018-2019,615.6,159.6,167.20000000000002,14.1,0.503,22.8,45.6,0.526,0.318,0.406,76,7.7,1.2,-3.5,-0.7
Avery Bradley,2018-2019,623.7,176.39999999999998,151.2,15.9,0.496,18.9,44.099999999999994,0.86,0.35100000000000003,0.408,63,7.6,0.3,-2.8,-0.4
Bam Adebayo,2018-2019,729.8000000000001,598.6,180.4,15.6,0.623,65.60000000000001,73.8,0.735,0.2,0.5760000000000001,82,17.9,6.8,3.0,2.4
Ben McLemore,2018-2019,74.1,17.1,3.8000000000000003,18.5,0.541,3.8000000000000003,5.7,0.667,0.415,0.391,19,10.5,0.2,-3.7,-0.1
Ben Simmons,2018-2019,1335.1,695.2,608.3000000000001,21.4,0.5820000000000001,63.2,110.6,0.6,0.0,0.563,79,20.0,8.2,4.1,4.1
Billy Garrett,2018-2019,26.0,3.2,7.2,21.1,0.452,1.2,1.2,1.0,0.0,0.40700000000000003,4,9.8,0.0,-8.4,-0.1
Bismack Biyombo,2018-2019,237.60000000000002,248.39999999999998,32.4,12.6,0.602,43.2,10.8,0.637,,0.5710000000000001,54,14.4,2.0,-1.1,0.2
Blake Griffin,2018-2019,1837.5,562.5,405.0,29.5,0.581,30.0,52.5,0.753,0.36200000000000004,0.462,75,21.0,8.0,4.6,4.4
Boban Marjanovic,2018-2019,423.4,266.79999999999995,52.2,21.9,0.664,29.0,17.4,0.748,0.4,0.615,58,24.2,3.0,1.9,0.7
Bobby Portis,2018-2019,710.0,405.0,70.0,24.0,0.529,20.0,35.0,0.794,0.39299999999999996,0.444,50,16.1,1.6,-2.9,-0.3
Bogdan Bogdanovic,2018-2019,987.0,245.0,266.0,21.9,0.53,14.0,70.0,0.8270000000000001,0.36,0.418,70,14.1,2.7,-0.7,0.6
Bojan Bogdanovic,2018-2019,1458.0,332.09999999999997,162.0,21.7,0.613,0.0,72.9,0.807,0.425,0.49700000000000005,81,16.1,6.8,0.0,1.3
Bonzie Colson,2018-2019,39.2,30.4,3.2,17.3,0.45399999999999996,0.8,4.8,0.889,0.23800000000000002,0.33299999999999996,8,12.9,0.2,-4.3,-0.1
Brad Wanamaker,2018-2019,140.4,39.6,57.6,16.1,0.597,3.6,10.799999999999999,0.857,0.41,0.47600000000000003,36,14.3,1.0,-2.2,0.0
Bradley Beal,2018-2019,2099.2000000000003,410.0,451.0,27.7,0.581,57.4,123.0,0.8079999999999999,0.35100000000000003,0.475,82,20.8,7.6,2.8,3.7
Brandon Goodwin,2018-2019,22.4,3.2,14.4,21.8,0.413,0.0,0.0,0.818,0.33299999999999996,0.261,16,8.3,0.0,-10.9,-0.1
Brandon Ingram,2018-2019,951.6,265.2,156.0,22.6,0.555,31.2,26.0,0.675,0.33,0.49700000000000005,52,13.4,2.0,-2.8,-0.3
Brandon Knight,2018-2019,265.2,58.5,70.2,17.5,0.484,3.9000000000000004,19.5,0.794,0.318,0.381,39,8.9,0.0,-5.0,-0.6
Brandon Sampson,2018-2019,71.39999999999999,15.400000000000002,9.799999999999999,15.4,0.5670000000000001,2.8000000000000003,8.4,0.667,0.379,0.467,14,8.5,0.0,-4.2,-0.1
Brook Lopez,2018-2019,1012.5,396.90000000000003,97.2,16.4,0.597,178.20000000000002,48.6,0.8420000000000001,0.365,0.452,81,14.6,6.7,2.7,2.8
Bruce Brown,2018-2019,318.2,185.0,88.8,11.2,0.469,37.0,37.0,0.75,0.258,0.39799999999999996,74,6.9,1.5,-2.0,0.0
Bruno Caboclo,2018-2019,282.20000000000005,156.39999999999998,51.0,14.9,0.5710000000000001,34.0,13.600000000000001,0.84,0.369,0.42700000000000005,34,12.4,1.5,0.2,0.4
Bryn Forbes,2018-2019,967.6,237.79999999999998,172.20000000000002,16.9,0.586,0.0,41.0,0.885,0.426,0.456,82,12.0,3.8,-0.7,0.7
Buddy Hield,2018-2019,1697.3999999999999,410.0,205.0,24.2,0.5870000000000001,32.800000000000004,57.4,0.8859999999999999,0.42700000000000005,0.45799999999999996,82,17.5,5.9,1.1,2.1
C.J. Williams,2018-2019,39.0,7.5,12.0,13.6,0.55,0.0,6.0,0.0,0.313,0.486,15,8.8,0.1,-4.0,-0.1
CJ McCollum,2018-2019,1470.0,280.0,210.0,24.6,0.5529999999999999,28.0,56.0,0.828,0.375,0.45899999999999996,70,17.0,5.6,0.3,1.3
Caleb Swanigan,2018-2019,42.0,63.0,10.5,16.9,0.377,0.0,6.3,0.667,0.14300000000000002,0.34,21,4.7,-0.2,-7.8,-0.3
Cameron Payne,2018-2019,252.0,72.0,108.0,16.8,0.519,8.0,28.0,0.805,0.298,0.43,40,11.5,0.5,-3.5,-0.3
Cameron Reynolds,2018-2019,95.0,30.400000000000002,13.299999999999999,13.9,0.58,1.9000000000000001,5.7,0.889,0.41200000000000003,0.423,19,10.4,0.4,-2.3,0.0
Caris LeVert,2018-2019,548.0,152.0,156.0,23.4,0.509,16.0,44.0,0.691,0.312,0.429,40,14.9,1.7,-0.2,0.5
Carmelo Anthony,2018-2019,134.0,54.0,5.0,19.9,0.513,7.0,4.0,0.682,0.32799999999999996,0.405,10,10.9,0.3,-5.9,-0.3
Cedi Osman,2018-2019,988.0,357.2,197.6,18.1,0.536,7.6000000000000005,60.800000000000004,0.779,0.348,0.42700000000000005,76,11.5,1.5,-2.1,-0.1
Chandler Hutchison,2018-2019,228.8,184.8,35.2,11.9,0.507,4.4,22.0,0.605,0.28,0.45899999999999996,44,8.8,0.6,-4.3,-0.5
Chandler Parsons,2018-2019,187.5,70.0,42.5,19.1,0.484,5.0,20.0,0.88,0.309,0.374,25,8.5,0.0,-4.3,-0.3
Channing Frye,2018-2019,129.6,50.4,21.599999999999998,17.2,0.524,3.6,7.2,0.7859999999999999,0.405,0.368,36,8.9,0.1,-4.8,-0.2
Chasson Randle,2018-2019,269.5,53.900000000000006,98.0,15.7,0.555,4.9,24.5,0.6940000000000001,0.4,0.419,49,9.9,0.6,-4.4,-0.4
Cheick Diallo,2018-2019,384.0,332.8,32.0,15.4,0.644,32.0,32.0,0.746,0.25,0.62,64,17.5,2.6,-1.6,0.1
Chimezie Metu,2018-2019,52.2,34.8,11.600000000000001,22.1,0.389,2.9000000000000004,5.800000000000001,0.765,0.0,0.32799999999999996,29,6.4,-0.3,-9.2,-0.3
Chris Boucher,2018-2019,92.39999999999999,56.0,2.8000000000000003,21.1,0.563,25.2,5.6000000000000005,0.867,0.324,0.447,28,22.2,0.7,1.1,0.1
Chris Chiozza,2018-2019,6.3,4.2,4.2,10.8,0.375,0.7000000000000001,0.7000000000000001,,0.4,0.25,7,7.0,0.0,-4.7,0.0
Chris Paul,2018-2019,904.8,266.79999999999995,475.59999999999997,21.8,0.56,17.4,116.0,0.862,0.358,0.419,58,19.7,6.6,3.0,2.4
Christian Wood,2018-2019,172.2,84.0,8.4,24.6,0.607,10.5,6.3,0.732,0.34600000000000003,0.521,21,21.9,0.8,-3.3,-0.1
Clint Capela,2018-2019,1112.2,850.9,93.8,17.9,0.6579999999999999,100.5,46.9,0.636,,0.648,67,23.8,10.8,2.9,2.8
Cody Zeller,2018-2019,494.9,333.2,102.9,15.7,0.611,39.2,39.2,0.787,0.273,0.551,49,17.2,3.9,2.0,1.2
Collin Sexton,2018-2019,1369.3999999999999,237.79999999999998,246.0,24.6,0.52,8.200000000000001,41.0,0.8390000000000001,0.402,0.43,82,12.0,-0.6,-5.2,-2.1
Corey Brewer,2018-2019,151.9,77.5,40.300000000000004,12.8,0.532,6.2,31.0,0.721,0.318,0.431,31,11.6,1.0,-0.1,0.2
Cory Joseph,2018-2019,533.0,278.8,319.8,13.2,0.474,24.599999999999998,90.2,0.698,0.322,0.41200000000000003,82,11.0,3.5,-0.5,0.8
Courtney Lee,2018-2019,136.0,54.400000000000006,37.400000000000006,14.9,0.49200000000000005,3.4000000000000004,20.4,0.667,0.29100000000000004,0.41100000000000003,34,10.3,0.4,-2.8,-0.1
Cristiano Felicio,2018-2019,240.0,216.0,36.0,13.6,0.568,6.0,12.0,0.685,0.0,0.531,60,13.4,1.4,-3.5,-0.3
D'Angelo Russell,2018-2019,1709.1000000000001,315.9,567.0,30.9,0.5329999999999999,16.2,97.2,0.78,0.369,0.434,81,19.4,5.0,3.4,3.3
D.J. Augustin,2018-2019,947.6999999999999,202.5,429.3,16.8,0.616,0.0,48.6,0.866,0.42100000000000004,0.47,81,15.7,6.9,-0.3,1.0
D.J. Wilson,2018-2019,278.4,220.79999999999998,52.800000000000004,13.9,0.515,19.200000000000003,19.200000000000003,0.5529999999999999,0.36200000000000004,0.414,48,10.3,1.7,-1.6,0.1
Dairis Bertans,2018-2019,33.599999999999994,9.600000000000001,9.600000000000001,12.0,0.36200000000000004,0.0,1.2000000000000002,,0.294,0.255,12,2.0,-0.2,-7.7,-0.2
Damian Jones,2018-2019,129.60000000000002,74.4,28.799999999999997,11.2,0.72,24.0,12.0,0.649,,0.716,24,15.3,1.5,3.0,0.5
Damian Lillard,2018-2019,2064.0,368.0,552.0,28.0,0.588,32.0,88.0,0.912,0.369,0.444,80,23.7,12.1,5.5,5.4
Damion Lee,2018-2019,156.8,64.0,12.8,16.2,0.578,0.0,12.8,0.8640000000000001,0.397,0.441,32,11.9,0.7,-3.6,-0.2
Damyean Dotson,2018-2019,781.0999999999999,262.8,131.4,16.9,0.526,7.300000000000001,58.400000000000006,0.745,0.368,0.415,73,10.8,1.5,-2.3,-0.2
Daniel Hamilton,2018-2019,57.0,47.5,22.8,15.1,0.455,1.9000000000000001,5.7,0.5,0.348,0.38299999999999995,19,7.1,-0.1,-5.8,-0.2
Daniel Theis,2018-2019,376.2,224.4,66.0,14.9,0.624,39.6,19.8,0.737,0.38799999999999996,0.5489999999999999,66,17.0,3.5,2.3,1.0
Danilo Gallinari,2018-2019,1346.4,414.79999999999995,176.8,23.6,0.633,20.4,47.599999999999994,0.904,0.433,0.46299999999999997,68,21.0,8.2,2.9,2.6
Danny Green,2018-2019,824.0,320.0,128.0,13.8,0.632,56.0,72.0,0.841,0.455,0.465,80,13.0,5.9,2.9,2.7
Dante Cunningham,2018-2019,192.0,185.6,51.2,8.5,0.585,12.8,25.6,0.778,0.462,0.475,64,10.2,1.9,-0.1,0.4
Dante Exum,2018-2019,289.8,67.2,109.2,20.5,0.516,4.2,12.6,0.7909999999999999,0.29,0.419,42,11.2,1.0,-4.0,-0.3
Dario Saric,2018-2019,858.6,453.59999999999997,129.6,17.2,0.563,8.1,48.6,0.88,0.365,0.43700000000000006,81,13.1,3.5,-1.1,0.5
Darius Miller,2018-2019,565.8,131.1,144.9,13.0,0.55,20.7,41.4,0.789,0.365,0.39,69,8.4,1.6,-1.7,0.1
Darren Collison,2018-2019,851.1999999999999,235.6,456.0,17.5,0.574,7.6000000000000005,106.39999999999999,0.8320000000000001,0.40700000000000003,0.467,76,16.7,6.8,1.2,1.8
Daryl Macon,2018-2019,28.8,12.0,7.2,16.5,0.48200000000000004,0.0,0.8,0.5710000000000001,0.455,0.37,8,5.5,0.0,-7.2,-0.1
David Nwaba,2018-2019,331.5,163.20000000000002,56.1,14.0,0.5579999999999999,15.299999999999999,35.699999999999996,0.682,0.32,0.48100000000000004,51,12.5,1.4,-1.7,0.1
Davis Bertans,2018-2019,608.0,266.0,98.8,13.4,0.632,30.400000000000002,38.0,0.883,0.429,0.45,76,13.0,4.0,1.2,1.3
Davon Reed,2018-2019,12.0,6.0,3.0,10.4,0.5,0.0,1.0,,0.5,0.41700000000000004,10,8.1,0.1,-4.2,0.0
De'Aaron Fox,2018-2019,1401.3,307.8,591.3,23.7,0.544,48.6,129.6,0.727,0.371,0.45799999999999996,81,18.1,5.6,1.1,2.0
De'Anthony Melton,2018-2019,250.0,135.0,160.0,14.5,0.466,25.0,70.0,0.75,0.305,0.391,50,9.9,0.0,-2.6,-0.1
DeAndre Jordan,2018-2019,759.0,903.9,158.7,14.8,0.674,75.9,41.4,0.705,,0.6409999999999999,69,19.0,7.1,2.4,2.3
DeAndre' Bembry,2018-2019,688.8000000000001,360.8,205.0,16.7,0.508,41.0,106.60000000000001,0.64,0.289,0.446,82,10.8,0.9,-2.2,-0.1
DeMar DeRozan,2018-2019,1632.3999999999999,462.0,477.40000000000003,27.6,0.542,38.5,84.7,0.83,0.156,0.48100000000000004,77,19.6,6.3,0.9,2.0
DeMarcus Cousins,2018-2019,489.0,245.99999999999997,108.0,27.9,0.562,45.0,39.0,0.736,0.27399999999999997,0.48,30,21.4,2.4,3.6,1.1
DeMarre Carroll,2018-2019,743.6999999999999,348.40000000000003,87.10000000000001,18.0,0.546,6.7,33.5,0.76,0.342,0.395,67,12.1,3.1,-1.7,0.1
Deandre Ayton,2018-2019,1157.3,731.3000000000001,127.8,20.8,0.608,63.9,63.9,0.746,0.0,0.585,71,20.5,5.8,0.2,1.2
Delon Wright,2018-2019,652.5,262.5,247.5,17.1,0.523,30.0,90.0,0.7929999999999999,0.298,0.434,75,15.5,4.3,1.5,1.5
Demetrius Jackson,2018-2019,22.200000000000003,3.0,4.800000000000001,18.2,0.6559999999999999,0.0,1.7999999999999998,1.0,0.33299999999999996,0.5329999999999999,6,21.0,0.2,1.0,0.0
Deng Adel,2018-2019,32.3,19.0,5.7,9.7,0.424,3.8000000000000003,1.9000000000000001,1.0,0.261,0.306,19,2.7,-0.2,-7.3,-0.3
Dennis Schroder,2018-2019,1224.5,284.40000000000003,323.9,23.6,0.508,15.8,63.2,0.8190000000000001,0.341,0.414,79,12.7,2.9,-3.1,-0.6
Dennis Smith Jr.,2018-2019,720.8,153.7,254.39999999999998,24.1,0.502,21.200000000000003,68.9,0.635,0.322,0.428,53,12.3,0.0,-2.5,-0.2
Deonte Burton,2018-2019,83.2,28.8,9.6,15.7,0.47,9.6,6.4,0.667,0.29600000000000004,0.402,32,7.0,0.1,-6.3,-0.3
Derrick Favors,2018-2019,896.8000000000001,562.4,91.2,18.5,0.624,106.39999999999999,53.199999999999996,0.675,0.218,0.586,76,21.8,7.9,4.3,2.8
Derrick Jones Jr.,2018-2019,420.0,240.0,36.0,15.0,0.5589999999999999,42.0,48.0,0.607,0.308,0.494,60,14.0,2.9,0.2,0.6
Derrick Rose,2018-2019,918.0,137.70000000000002,219.29999999999998,26.0,0.557,10.200000000000001,30.599999999999998,0.856,0.37,0.48200000000000004,51,19.5,3.0,-0.6,0.5
Derrick White,2018-2019,663.3000000000001,247.9,261.3,17.6,0.555,46.9,67.0,0.772,0.33799999999999997,0.479,67,14.8,3.6,0.9,1.3
Devin Booker,2018-2019,1702.4,262.4,435.2,31.9,0.584,12.8,57.6,0.866,0.326,0.467,64,20.2,3.5,0.8,1.6
Devin Harris,2018-2019,428.4,108.80000000000001,122.4,17.8,0.527,13.600000000000001,34.0,0.7609999999999999,0.31,0.38,68,10.7,1.5,-2.2,-0.1
Devin Robinson,2018-2019,46.9,20.3,6.3,17.6,0.616,6.3,4.2,0.643,0.0,0.594,7,20.6,0.3,1.0,0.1
Devonte' Graham,2018-2019,216.20000000000002,64.39999999999999,119.60000000000001,16.4,0.45899999999999996,0.0,23.0,0.7609999999999999,0.281,0.34299999999999997,46,10.3,0.5,-4.3,-0.4
Dewayne Dedmon,2018-2019,691.2,480.0,89.6,16.5,0.602,70.4,70.4,0.8140000000000001,0.382,0.49200000000000005,64,16.0,4.0,1.3,1.3
Deyonta Davis,2018-2019,36.0,36.0,5.3999999999999995,9.8,0.682,5.3999999999999995,2.6999999999999997,0.6,0.0,0.682,9,15.6,0.4,-0.7,0.0
Dillon Brooks,2018-2019,135.0,30.599999999999998,16.2,20.5,0.499,3.6,10.799999999999999,0.733,0.375,0.402,18,7.6,0.0,-6.1,-0.3
Dion Waiters,2018-2019,528.0,114.4,123.19999999999999,21.2,0.53,8.8,30.799999999999997,0.5,0.377,0.414,44,11.4,1.2,-1.9,0.0
Dirk Nowitzki,2018-2019,372.3,158.1,35.699999999999996,21.6,0.469,20.400000000000002,10.200000000000001,0.78,0.312,0.359,51,9.6,0.3,-5.9,-0.8
Domantas Sabonis,2018-2019,1043.3999999999999,688.2,214.6,22.4,0.63,29.6,44.4,0.715,0.529,0.59,74,21.9,7.6,3.7,2.6
Donatas Motiejunas,2018-2019,6.0,3.0,0.8999999999999999,31.3,0.436,0.8999999999999999,0.0,0.0,,0.5,3,-0.5,-0.1,-11.5,0.0
Donovan Mitchell,2018-2019,1832.6000000000001,315.7,323.40000000000003,30.7,0.537,30.8,107.8,0.8059999999999999,0.36200000000000004,0.43200000000000005,77,17.2,5.0,0.6,1.7
Donte DiVincenzo,2018-2019,132.3,64.8,29.700000000000003,14.3,0.507,5.4,13.5,0.75,0.265,0.40299999999999997,27,9.1,0.6,-1.8,0.0
Donte Grantham,2018-2019,0.0,0.0,0.0,33.3,0.0,0.0,0.0,,0.0,0.0,3,-38.1,0.0,-38.9,0.0
Dorian Finney-Smith,2018-2019,607.5,388.8,97.2,13.4,0.53,32.4,72.9,0.7090000000000001,0.311,0.43200000000000005,81,11.0,3.3,0.2,1.1
Doug McDermott,2018-2019,562.1,107.8,69.3,15.0,0.617,7.7,15.4,0.835,0.408,0.491,77,11.6,2.9,-2.1,0.0
Dragan Bender,2018-2019,230.0,184.0,55.199999999999996,12.9,0.521,23.0,18.400000000000002,0.593,0.218,0.447,46,9.5,0.5,-3.4,-0.3
Draymond Green,2018-2019,488.40000000000003,481.8,455.40000000000003,12.8,0.526,72.60000000000001,92.39999999999999,0.6920000000000001,0.285,0.445,66,12.9,4.3,2.0,2.1
Drew Eubanks,2018-2019,41.4,34.5,6.8999999999999995,14.8,0.6459999999999999,4.6000000000000005,2.3000000000000003,0.846,,0.5770000000000001,23,15.1,0.3,-2.3,0.0
Duncan Robinson,2018-2019,49.5,19.5,4.5,13.3,0.514,0.0,4.5,0.667,0.28600000000000003,0.391,15,7.6,0.2,-4.2,-0.1
Dusty Hannahs,2018-2019,8.0,1.0,5.0,22.2,0.311,0.0,1.0,1.0,0.0,0.25,2,4.5,-0.1,-12.2,-0.1
Dwayne Bacon,2018-2019,313.9,90.3,47.300000000000004,16.5,0.57,4.3,12.9,0.7390000000000001,0.43700000000000006,0.475,43,11.7,1.2,-3.5,-0.3
Dwight Howard,2018-2019,115.2,82.8,3.6,19.2,0.638,3.6,7.2,0.604,,0.623,9,17.4,0.6,-5.2,-0.2
Dwight Powell,2018-2019,816.1999999999999,408.09999999999997,115.5,16.6,0.682,46.199999999999996,46.199999999999996,0.772,0.307,0.597,77,20.4,7.5,4.0,2.5
Dwyane Wade,2018-2019,1080.0,288.0,302.40000000000003,26.7,0.51,36.0,57.6,0.708,0.33,0.433,72,15.8,2.4,-0.5,0.7
Dzanan Musa,2018-2019,18.900000000000002,5.3999999999999995,1.8,25.0,0.415,0.0,1.8,0.0,0.1,0.409,9,5.8,-0.1,-10.4,-0.1
E'Twaun Moore,2018-2019,630.7,127.19999999999999,100.69999999999999,16.9,0.5670000000000001,10.600000000000001,42.400000000000006,0.763,0.43200000000000005,0.48100000000000004,53,11.5,1.7,-2.2,-0.1
Ed Davis,2018-2019,469.8,696.6,64.8,12.4,0.632,32.4,32.4,0.617,0.0,0.616,81,17.3,5.7,0.4,0.9
Edmond Sumner,2018-2019,66.7,23.0,9.200000000000001,15.6,0.44299999999999995,4.6000000000000005,11.5,0.625,0.259,0.344,23,7.6,0.1,-3.6,-0.1
Ekpe Udoh,2018-2019,117.3,91.8,25.5,12.7,0.698,30.599999999999998,10.200000000000001,0.633,,0.6940000000000001,51,20.9,1.6,5.6,0.6
Elfrid Payton,2018-2019,445.2,218.4,319.2,17.7,0.502,16.8,42.0,0.743,0.314,0.434,42,14.0,1.5,-0.9,0.4
Elie Okobo,2018-2019,302.1,95.4,127.19999999999999,16.6,0.489,5.300000000000001,31.799999999999997,0.787,0.295,0.39299999999999996,53,7.6,-0.5,-5.9,-0.9
Emanuel Terry,2018-2019,9.899999999999999,6.8999999999999995,2.0999999999999996,18.3,0.5710000000000001,0.0,3.0,0.5,,0.5710000000000001,3,19.7,0.1,1.6,0.0
Emmanuel Mudiay,2018-2019,873.2,194.7,230.1,24.7,0.531,17.7,41.3,0.774,0.32899999999999996,0.446,59,14.6,0.8,-2.4,-0.2
Enes Kanter,2018-2019,917.9,656.6,113.89999999999999,21.7,0.594,26.8,33.5,0.787,0.294,0.5489999999999999,67,22.3,5.4,1.3,1.4
Eric Bledsoe,2018-2019,1240.2,358.79999999999995,429.0,22.4,0.5770000000000001,31.200000000000003,117.0,0.75,0.32899999999999996,0.484,78,19.3,8.2,3.5,3.2
Eric Gordon,2018-2019,1101.6,149.60000000000002,129.2,21.4,0.5489999999999999,27.200000000000003,40.8,0.7829999999999999,0.36,0.409,68,12.2,2.6,-2.9,-0.5
Eric Moreland,2018-2019,7.0,20.0,4.0,11.4,0.5,1.0,1.0,,1.0,0.429,5,6.7,0.0,-4.8,0.0
Ersan Ilyasova,2018-2019,455.59999999999997,301.5,53.6,15.0,0.5479999999999999,20.099999999999998,33.5,0.8240000000000001,0.363,0.43799999999999994,67,11.6,3.0,-1.3,0.2
Evan Fournier,2018-2019,1223.1,259.2,291.6,21.6,0.536,8.1,72.9,0.8059999999999999,0.34,0.43799999999999994,81,12.3,3.2,-1.5,0.3
Evan Turner,2018-2019,496.4,328.5,284.7,15.6,0.504,14.600000000000001,36.5,0.708,0.212,0.46,73,11.6,2.0,-1.8,0.1
Frank Jackson,2018-2019,494.09999999999997,134.20000000000002,67.10000000000001,17.7,0.517,0.0,24.400000000000002,0.74,0.314,0.434,61,9.4,0.4,-5.0,-0.9
Frank Kaminsky,2018-2019,404.2,164.5,61.1,21.3,0.5870000000000001,14.1,14.1,0.738,0.36,0.46299999999999997,47,16.8,1.8,-0.9,0.2
Frank Ntilikina,2018-2019,245.1,86.0,120.39999999999999,16.2,0.41700000000000004,12.9,30.099999999999998,0.767,0.287,0.337,43,6.0,-0.8,-5.7,-0.8
Fred VanVleet,2018-2019,704.0,166.4,307.2,17.6,0.539,19.2,57.6,0.843,0.37799999999999995,0.41,64,13.7,4.3,0.0,0.9
Furkan Korkmaz,2018-2019,278.4,105.60000000000001,52.800000000000004,17.3,0.528,0.0,28.799999999999997,0.818,0.326,0.4,48,11.5,1.1,-2.2,0.0
Garrett Temple,2018-2019,585.0,217.5,105.0,13.0,0.5429999999999999,30.0,75.0,0.748,0.341,0.42200000000000004,75,8.5,2.2,-1.2,0.4
Gary Clark,2018-2019,147.9,117.3,20.400000000000002,10.5,0.48,25.5,20.400000000000002,1.0,0.297,0.331,51,9.2,1.0,-1.8,0.0
Gary Harris,2018-2019,735.3000000000001,159.6,125.4,19.4,0.526,17.099999999999998,57.0,0.799,0.33899999999999997,0.424,57,12.2,2.6,-1.8,0.1
Gary Payton II,2018-2019,11.100000000000001,2.0999999999999996,3.9000000000000004,21.4,0.688,0.8999999999999999,3.0,,0.5,0.625,3,36.9,0.1,14.9,0.1
Gary Trent Jr.,2018-2019,40.5,10.5,4.5,21.1,0.377,1.5,1.5,0.429,0.23800000000000002,0.32,15,3.6,-0.2,-10.3,-0.2
George Hill,2018-2019,456.0,150.0,138.0,14.5,0.5539999999999999,6.0,54.0,0.8240000000000001,0.314,0.452,60,12.1,2.8,-1.0,0.3
George King,2018-2019,0.0,1.0,0.0,0.0,0.0,0.0,0.0,,,,1,1.9,0.0,-10.6,0.0
Georges Niang,2018-2019,236.0,88.5,35.4,16.7,0.613,5.9,11.8,0.833,0.41,0.475,59,13.0,1.3,-1.1,0.1
Gerald Green,2018-2019,671.5999999999999,182.5,36.5,18.9,0.555,29.200000000000003,36.5,0.838,0.354,0.4,73,11.4,1.9,-3.4,-0.5
Giannis Antetokounmpo,2018-2019,1994.3999999999999,900.0,424.8,31.1,0.644,108.0,93.60000000000001,0.7290000000000001,0.256,0.578,72,30.9,14.4,10.8,7.6
Glenn Robinson III,2018-2019,197.4,70.5,18.8,14.5,0.511,9.4,14.1,0.8,0.29,0.42,47,8.7,0.7,-4.2,-0.3
Goran Dragic,2018-2019,493.2,111.60000000000001,172.79999999999998,22.2,0.517,3.6,28.8,0.782,0.348,0.413,36,13.9,1.6,-1.2,0.2
Gordon Hayward,2018-2019,828.0,324.0,244.79999999999998,18.2,0.575,21.599999999999998,64.8,0.8340000000000001,0.33299999999999996,0.466,72,15.6,4.9,0.5,1.2
Gorgui Dieng,2018-2019,486.40000000000003,311.59999999999997,68.4,19.2,0.5720000000000001,38.0,45.6,0.83,0.33899999999999997,0.501,76,18.1,2.8,0.5,0.7
Grayson Allen,2018-2019,212.79999999999998,22.8,26.599999999999998,23.4,0.516,7.6000000000000005,7.6000000000000005,0.75,0.32299999999999995,0.376,38,7.5,0.0,-6.8,-0.5
Greg Monroe,2018-2019,227.9,172.0,25.8,20.9,0.521,8.6,12.9,0.625,0.2,0.48700000000000004,43,16.0,1.1,-3.6,-0.2
Guerschon Yabusele,2018-2019,94.3,53.300000000000004,16.400000000000002,16.7,0.542,8.200000000000001,8.200000000000001,0.682,0.321,0.455,41,12.4,0.5,-2.1,0.0
Hamidou Diallo,2018-2019,188.70000000000002,96.89999999999999,15.299999999999999,15.9,0.49700000000000005,10.200000000000001,20.400000000000002,0.61,0.16699999999999998,0.455,51,10.1,0.8,-4.7,-0.4
Harrison Barnes,2018-2019,1262.8,361.90000000000003,115.5,20.2,0.55,15.4,46.199999999999996,0.8240000000000001,0.395,0.42,77,12.8,3.6,-2.3,-0.2
Hassan Whiteside,2018-2019,885.6,813.6,57.6,21.4,0.564,136.79999999999998,43.199999999999996,0.449,0.125,0.5710000000000001,72,23.5,6.3,0.8,1.2
Haywood Highsmith,2018-2019,9.0,5.0,2.0,11.5,0.414,0.0,1.0,0.0,0.2,0.4,5,4.5,0.0,-7.3,-0.1
Henry Ellenson,2018-2019,114.0,66.5,15.200000000000001,18.6,0.5379999999999999,1.9000000000000001,7.6000000000000005,0.76,0.447,0.41100000000000003,19,13.1,0.4,-4.0,-0.1
Ian Clark,2018-2019,402.0,90.0,96.0,18.4,0.502,6.0,24.0,0.892,0.327,0.39399999999999996,60,8.3,-0.1,-5.1,-0.8
Ian Mahinmi,2018-2019,139.39999999999998,129.2,23.799999999999997,12.7,0.531,17.0,23.799999999999997,0.6890000000000001,0.188,0.452,34,12.0,1.0,-1.0,0.1
Ike Anigbogu,2018-2019,0.0,3.0,0.8999999999999999,26.7,0.0,0.8999999999999999,0.0,,,0.0,3,-6.0,-0.1,-14.0,0.0
Iman Shumpert,2018-2019,465.0,186.0,111.60000000000001,14.2,0.499,24.8,62.0,0.8,0.348,0.374,62,9.1,1.4,-1.4,0.2
Isaac Bonga,2018-2019,19.8,24.200000000000003,15.399999999999999,15.0,0.24,4.4,8.8,0.6,0.0,0.152,22,6.0,-0.1,-4.3,-0.1
Isaac Humphries,2018-2019,15.0,11.0,0.0,14.1,0.35700000000000004,0.0,1.0,,0.273,0.28600000000000003,5,3.4,-0.1,-12.8,-0.2
Isaiah Briscoe,2018-2019,136.5,74.1,85.80000000000001,13.7,0.455,3.9000000000000004,11.7,0.5770000000000001,0.324,0.39899999999999997,39,6.7,0.3,-5.6,-0.5
Isaiah Canaan,2018-2019,180.0,57.0,84.0,14.5,0.518,3.0,15.0,0.792,0.354,0.39,30,8.0,0.1,-5.1,-0.5
Isaiah Hartenstein,2018-2019,53.199999999999996,47.6,14.0,11.1,0.562,11.200000000000001,8.4,0.7859999999999999,0.33299999999999996,0.488,28,10.0,0.5,-0.6,0.1
Isaiah Hicks,2018-2019,12.0,6.8999999999999995,2.0999999999999996,15.3,0.588,3.0,0.8999999999999999,0.8,,0.5,3,17.4,0.1,0.6,0.0
Isaiah Thomas,2018-2019,97.19999999999999,13.200000000000001,22.799999999999997,27.2,0.43700000000000006,1.2000000000000002,4.800000000000001,0.63,0.27899999999999997,0.34299999999999997,12,7.0,-0.3,-8.7,-0.3
Ish Smith,2018-2019,498.40000000000003,145.6,201.6,19.2,0.485,11.200000000000001,28.0,0.758,0.326,0.419,56,11.8,1.7,-2.8,-0.3
Ivan Rabb,2018-2019,284.2,205.8,53.900000000000006,16.4,0.586,14.7,14.7,0.71,0.2,0.547,49,16.1,2.1,-0.6,0.2
Ivica Zubac,2018-2019,525.1,359.9,64.9,19.8,0.604,53.1,11.8,0.802,,0.5589999999999999,59,18.9,3.2,-0.3,0.5
J.J. Barea,2018-2019,414.2,95.0,212.79999999999998,26.0,0.495,0.0,22.8,0.705,0.297,0.418,38,16.3,1.0,-1.1,0.2
J.P. Macura,2018-2019,6.0,3.0,2.0,20.9,0.33299999999999996,0.0,0.0,,0.0,0.33299999999999996,2,5.7,0.0,-10.5,0.0
JaKarr Sampson,2018-2019,80.0,32.0,4.0,23.4,0.633,3.2,4.0,0.81,0.35700000000000004,0.537,4,22.5,0.5,-1.5,0.0
JaMychal Green,2018-2019,611.0,409.5,52.0,18.4,0.5870000000000001,32.5,45.5,0.792,0.40299999999999997,0.483,65,14.7,2.9,-1.5,0.2
JaVale McGee,2018-2019,900.0,562.5,52.5,19.5,0.634,150.0,45.0,0.632,0.083,0.624,75,21.8,5.9,1.9,1.7
Jabari Parker,2018-2019,928.0,422.4,153.6,23.5,0.56,32.0,44.8,0.7120000000000001,0.313,0.493,64,15.5,1.4,-2.1,0.0
Jacob Evans,2018-2019,39.0,24.0,24.0,13.4,0.374,3.0,6.0,0.0,0.267,0.34,30,3.5,-0.1,-6.9,-0.3
Jae Crowder,2018-2019,952.0,384.0,136.0,18.3,0.5379999999999999,32.0,64.0,0.721,0.331,0.39899999999999997,80,12.1,4.4,0.4,1.3
Jahlil Okafor,2018-2019,483.79999999999995,277.3,41.3,19.6,0.603,41.3,17.7,0.6629999999999999,0.2,0.586,59,17.9,2.2,-2.3,-0.1
Jake Layman,2018-2019,539.6,220.1,49.699999999999996,15.4,0.594,28.400000000000002,28.400000000000002,0.7040000000000001,0.326,0.509,71,13.5,3.1,-0.3,0.6
Jakob Poeltl,2018-2019,423.5,408.09999999999997,92.39999999999999,12.3,0.64,69.3,30.8,0.5329999999999999,,0.645,77,19.4,5.1,4.2,2.0
Jalen Brunson,2018-2019,678.9000000000001,167.89999999999998,233.60000000000002,18.5,0.5489999999999999,7.300000000000001,36.5,0.725,0.348,0.467,73,12.8,2.6,-2.5,-0.2
Jamal Crawford,2018-2019,505.6,83.2,230.4,19.6,0.522,12.8,32.0,0.845,0.332,0.397,64,11.7,0.2,-6.0,-1.2
Jamal Murray,2018-2019,1365.0,315.0,360.0,23.9,0.5379999999999999,30.0,67.5,0.848,0.36700000000000005,0.43700000000000006,75,16.0,5.1,0.1,1.3
James Harden,2018-2019,2815.8,514.8,585.0,39.5,0.616,54.599999999999994,156.0,0.879,0.368,0.442,78,30.6,15.2,11.7,9.9
James Johnson,2018-2019,429.0,176.0,137.5,17.6,0.522,27.5,33.0,0.7140000000000001,0.336,0.433,55,10.9,1.5,-1.6,0.1
James Nunnally,2018-2019,36.0,4.5,7.5,15.1,0.503,0.0,1.5,1.0,0.32,0.353,15,7.3,0.1,-6.4,-0.1
Jared Dudley,2018-2019,289.1,153.4,82.6,10.3,0.5539999999999999,17.7,35.4,0.696,0.35100000000000003,0.423,59,7.8,1.8,-0.7,0.4
Jared Terrell,2018-2019,30.800000000000004,5.6000000000000005,12.6,19.5,0.37200000000000005,1.4000000000000001,2.8000000000000003,0.5,0.235,0.308,14,0.7,-0.3,-10.4,-0.2
Jarell Martin,2018-2019,113.4,71.39999999999999,16.8,15.2,0.528,8.4,4.2,0.818,0.35100000000000003,0.413,42,9.4,0.5,-3.9,-0.2
Jaren Jackson Jr.,2018-2019,800.4000000000001,272.6,63.800000000000004,22.9,0.591,81.19999999999999,52.2,0.7659999999999999,0.359,0.506,58,16.4,3.3,0.1,0.8
Jaron Blossomgame,2018-2019,113.4,97.2,13.5,11.9,0.51,8.1,8.1,0.769,0.256,0.44299999999999995,27,10.2,0.3,-4.5,-0.3
Jarred Vanderbilt,2018-2019,23.799999999999997,23.799999999999997,3.4000000000000004,17.8,0.513,1.7000000000000002,6.800000000000001,0.6,0.0,0.474,17,12.4,0.1,-4.0,0.0
Jarrett Allen,2018-2019,872.0,672.0,112.0,15.7,0.632,120.0,40.0,0.7090000000000001,0.133,0.59,80,18.5,7.6,2.5,2.4
Jason Smith,2018-2019,66.0,52.0,14.0,16.8,0.49200000000000005,8.0,4.0,0.875,0.34600000000000003,0.35600000000000004,20,9.8,0.2,-4.3,-0.1
Jawun Evans,2018-2019,6.4,12.0,10.4,13.7,0.214,0.0,3.2,,0.0,0.214,8,0.1,-0.2,-10.5,-0.1
Jaylen Adams,2018-2019,108.80000000000001,61.2,64.6,12.9,0.474,3.4000000000000004,13.600000000000001,0.778,0.33799999999999997,0.345,34,7.6,0.1,-4.4,-0.3
Jaylen Brown,2018-2019,962.0,310.8,103.6,21.3,0.547,29.6,66.60000000000001,0.6579999999999999,0.344,0.465,74,13.5,3.0,-2.1,0.0
Jayson Tatum,2018-2019,1240.3,474.0,165.9,21.7,0.547,55.3,86.9,0.855,0.373,0.45,79,15.1,5.0,-0.8,0.8
Jeff Green,2018-2019,947.1,308.0,138.6,17.3,0.608,38.5,46.199999999999996,0.888,0.34700000000000003,0.475,77,13.6,3.6,-1.2,0.4
Jeff Teague,2018-2019,508.2,105.0,344.4,18.5,0.528,16.8,42.0,0.804,0.33299999999999996,0.423,42,15.4,2.2,-2.4,-0.1
Jemerrio Jones,2018-2019,27.0,49.199999999999996,13.200000000000001,10.8,0.39799999999999996,4.800000000000001,7.199999999999999,0.5,0.2,0.364,6,12.1,0.2,0.8,0.1
Jerami Grant,2018-2019,1088.0,416.0,80.0,14.9,0.5920000000000001,104.0,64.0,0.71,0.392,0.49700000000000005,80,13.8,7.3,0.3,1.5
Jeremy Lamb,2018-2019,1208.7,434.5,173.8,21.9,0.552,31.6,86.9,0.888,0.348,0.44,79,17.3,5.3,0.1,1.2
Jeremy Lin,2018-2019,710.4,177.6,229.4,21.1,0.5579999999999999,14.8,44.4,0.838,0.294,0.44,74,13.5,2.1,-2.9,-0.3
Jerian Grant,2018-2019,252.0,96.0,156.0,12.9,0.526,6.0,42.0,0.65,0.364,0.418,60,10.8,1.7,-2.0,0.0
Jerome Robinson,2018-2019,112.2,39.6,19.8,15.8,0.491,3.3000000000000003,9.9,0.667,0.316,0.4,33,7.2,0.1,-4.3,-0.2
Jerryd Bayless,2018-2019,207.39999999999998,61.2,119.0,17.1,0.431,3.4000000000000004,17.0,0.5710000000000001,0.29600000000000004,0.35700000000000004,34,8.5,0.0,-5.1,-0.5
Jevon Carter,2018-2019,171.60000000000002,66.3,70.2,17.0,0.43200000000000005,11.7,27.299999999999997,0.813,0.33299999999999996,0.303,39,7.8,0.0,-4.0,-0.3
Jimmer Fredette,2018-2019,22.200000000000003,7.199999999999999,7.800000000000001,23.7,0.348,0.0,3.0,1.0,0.0,0.276,6,3.6,-0.2,-11.1,-0.1
Jimmy Butler,2018-2019,1215.5,344.5,260.0,21.7,0.5710000000000001,39.0,123.5,0.855,0.34700000000000003,0.462,65,20.2,7.9,3.2,2.9
Joakim Noah,2018-2019,298.2,239.4,88.2,18.8,0.5710000000000001,29.4,21.0,0.716,0.0,0.516,42,18.6,2.2,1.6,0.6
Jodie Meeks,2018-2019,51.2,12.0,8.0,16.9,0.647,0.8,0.8,1.0,0.444,0.5379999999999999,8,16.0,0.3,-0.8,0.0
Joe Chealey,2018-2019,2.0,0.0,1.0,17.6,0.33299999999999996,0.0,0.0,,,0.33299999999999996,1,2.0,0.0,-17.2,0.0
Joe Harris,2018-2019,1041.2,288.8,182.4,16.6,0.645,15.200000000000001,38.0,0.8270000000000001,0.474,0.5,76,13.5,5.5,1.0,1.7
Joe Ingles,2018-2019,992.1999999999999,328.0,467.40000000000003,16.9,0.581,16.400000000000002,98.39999999999999,0.7070000000000001,0.391,0.44799999999999995,82,13.4,6.0,1.8,2.5
Joel Embiid,2018-2019,1760.0,870.4,236.8,32.4,0.593,121.6,44.8,0.804,0.3,0.484,64,26.1,8.7,4.1,3.3
John Collins,2018-2019,1189.5,597.8000000000001,122.0,22.8,0.627,36.6,24.400000000000002,0.763,0.348,0.56,61,21.8,6.0,1.4,1.6
John Henson,2018-2019,78.39999999999999,71.39999999999999,14.0,17.0,0.5529999999999999,11.200000000000001,7.0,0.6,0.355,0.46299999999999997,14,17.1,0.6,1.3,0.2
John Jenkins,2018-2019,122.2,36.4,20.8,16.0,0.536,2.6,0.0,0.833,0.379,0.4,26,9.7,0.2,-5.2,-0.3
John Wall,2018-2019,662.4,115.2,278.4,28.5,0.527,28.8,48.0,0.6970000000000001,0.302,0.444,32,18.0,1.2,-0.2,0.5
Johnathan Motley,2018-2019,101.19999999999999,50.599999999999994,11.0,26.2,0.563,2.2,4.4,0.6,0.0,0.534,22,18.9,0.3,-3.2,0.0
Johnathan Williams,2018-2019,156.0,98.39999999999999,12.0,15.7,0.599,7.199999999999999,7.199999999999999,0.563,0.0,0.591,24,15.1,1.0,-1.7,0.0
Jon Leuer,2018-2019,155.79999999999998,98.39999999999999,12.299999999999999,15.6,0.616,4.1000000000000005,12.299999999999999,0.742,0.091,0.584,41,13.2,0.9,-3.0,-0.1
Jonah Bolden,2018-2019,206.8,167.2,39.6,12.9,0.595,39.6,17.6,0.48100000000000004,0.354,0.494,44,12.7,1.4,1.2,0.5
Jonas Jerebko,2018-2019,459.9,284.7,94.9,14.4,0.588,14.600000000000001,29.200000000000003,0.8,0.36700000000000005,0.45899999999999996,73,13.5,3.3,0.0,0.6
Jonas Valanciunas,2018-2019,764.4,421.4,68.6,27.0,0.616,53.900000000000006,19.6,0.795,0.292,0.5589999999999999,49,24.4,4.2,1.2,0.9
Jonathan Isaac,2018-2019,720.0,412.5,82.5,15.8,0.537,97.5,60.0,0.815,0.32299999999999995,0.429,75,13.0,4.0,0.1,1.1
Jonathon Simmons,2018-2019,364.0,128.79999999999998,128.79999999999998,18.0,0.466,16.8,28.0,0.742,0.26899999999999996,0.38,56,8.5,0.3,-4.8,-0.7
Jordan Bell,2018-2019,224.39999999999998,183.60000000000002,74.80000000000001,13.2,0.531,54.400000000000006,20.4,0.61,0.0,0.516,68,12.9,1.6,-0.4,0.3
Jordan Clarkson,2018-2019,1360.8,267.3,194.4,26.4,0.539,16.2,56.699999999999996,0.8440000000000001,0.324,0.44799999999999995,81,16.8,1.8,-2.0,0.0
Jordan Loyd,2018-2019,28.799999999999997,9.600000000000001,6.0,15.7,0.635,0.0,0.0,0.818,0.5,0.444,12,16.3,0.2,-2.0,0.0
Jordan McRae,2018-2019,159.3,40.5,29.700000000000003,19.0,0.55,8.1,13.5,0.8,0.28600000000000003,0.469,27,14.3,0.5,-3.7,-0.1
Jordan Sibert,2018-2019,3.0,0.0,0.0,8.3,1.5,0.0,0.0,,1.0,1.0,1,29.7,0.0,6.3,0.0
Jose Calderon,2018-2019,112.69999999999999,58.8,112.69999999999999,10.3,0.45299999999999996,4.9,14.7,0.818,0.24600000000000002,0.375,49,7.1,0.6,-5.1,-0.5
Josh Hart,2018-2019,522.6,247.9,93.8,12.9,0.526,40.199999999999996,67.0,0.688,0.336,0.40700000000000003,67,9.3,2.1,-0.7,0.6
Josh Jackson,2018-2019,908.5,347.6,181.7,23.2,0.48700000000000004,55.3,71.10000000000001,0.6709999999999999,0.324,0.413,79,10.6,-1.7,-4.8,-1.4
Josh Okogie,2018-2019,569.8000000000001,214.6,88.8,14.7,0.49200000000000005,29.6,88.8,0.728,0.27899999999999997,0.386,74,9.4,1.2,-1.7,0.1
Josh Richardson,2018-2019,1211.8000000000002,262.8,299.29999999999995,20.2,0.536,36.5,80.30000000000001,0.861,0.35700000000000004,0.41200000000000003,73,14.0,5.6,0.6,1.7
Jrue Holiday,2018-2019,1420.3999999999999,335.0,515.9,24.9,0.555,53.6,107.2,0.768,0.325,0.47200000000000003,67,19.4,5.4,2.8,2.9
Julian Washburn,2018-2019,39.6,41.4,14.4,9.3,0.402,1.8,12.6,0.75,0.20800000000000002,0.33299999999999996,18,6.5,0.1,-3.4,-0.1
Julius Randle,2018-2019,1562.1999999999998,635.0999999999999,226.3,27.2,0.6,43.8,51.099999999999994,0.731,0.344,0.524,73,21.0,6.1,1.4,1.9
Justin Anderson,2018-2019,177.60000000000002,86.4,24.0,16.3,0.516,14.399999999999999,24.0,0.743,0.312,0.408,48,11.2,0.4,-3.3,-0.1
Justin Holiday,2018-2019,861.0,319.8,147.6,15.3,0.52,32.800000000000004,123.0,0.8959999999999999,0.348,0.386,82,10.0,2.1,-0.8,0.8
Justin Jackson,2018-2019,583.2,210.6,97.2,14.0,0.561,16.2,32.4,0.785,0.355,0.447,81,11.3,2.9,-1.6,0.2
Justin Patton,2018-2019,5.1,6.0,3.0,13.8,0.317,0.0,2.0999999999999996,0.5,0.0,0.28600000000000003,3,10.5,0.0,-0.2,0.0
Justise Winslow,2018-2019,831.6,356.40000000000003,283.8,20.5,0.513,19.8,72.60000000000001,0.628,0.375,0.433,66,12.8,2.8,-0.1,1.0
Jusuf Nurkic,2018-2019,1123.2,748.8000000000001,230.4,23.9,0.57,100.8,72.0,0.773,0.10300000000000001,0.508,72,23.4,7.8,5.1,3.5
Kadeem Allen,2018-2019,188.1,51.300000000000004,76.0,19.4,0.574,3.8000000000000003,15.200000000000001,0.778,0.47200000000000003,0.461,19,16.2,1.0,-1.1,0.1
Kalin Lucas,2018-2019,2.0,3.0,1.0,13.3,0.532,0.0,0.0,1.0,0.0,0.0,1,16.6,0.0,-0.6,0.0
Karl-Anthony Towns,2018-2019,1878.8,954.8000000000001,261.8,27.9,0.622,123.2,69.3,0.836,0.4,0.518,77,26.3,10.4,6.8,5.7
Kawhi Leonard,2018-2019,1596.0,438.0,198.0,29.8,0.606,24.0,108.0,0.8540000000000001,0.371,0.496,60,25.8,9.5,5.0,3.6
Keita Bates-Diop,2018-2019,150.0,84.0,18.0,13.9,0.489,15.0,18.0,0.643,0.25,0.423,30,9.6,0.3,-3.1,-0.1
Kelly Olynyk,2018-2019,790.0,371.3,142.20000000000002,17.3,0.61,39.5,55.3,0.8220000000000001,0.354,0.46299999999999997,79,14.4,4.7,1.1,1.4
Kelly Oubre Jr.,2018-2019,1048.8,324.3,82.8,22.1,0.551,62.1,82.8,0.775,0.32,0.445,69,15.2,2.2,-2.2,-0.1
Kemba Walker,2018-2019,2099.2000000000003,360.8,483.8,30.6,0.5579999999999999,32.800000000000004,98.39999999999999,0.8440000000000001,0.35600000000000004,0.434,82,21.7,7.4,3.3,3.9
Kenneth Faried,2018-2019,384.8,251.6,18.5,19.3,0.622,22.2,18.5,0.6459999999999999,0.32,0.589,37,21.6,2.9,-1.2,0.2
Kenrich Williams,2018-2019,280.59999999999997,220.79999999999998,82.8,11.8,0.485,18.400000000000002,46.0,0.684,0.33299999999999996,0.384,46,9.7,1.2,-0.3,0.5
Kent Bazemore,2018-2019,777.1999999999999,261.3,154.1,21.4,0.507,40.199999999999996,87.10000000000001,0.726,0.32,0.402,67,11.9,0.7,-2.2,-0.1
Kentavious Caldwell-Pope,2018-2019,934.8000000000001,237.79999999999998,106.60000000000001,17.4,0.568,16.400000000000002,73.8,0.867,0.34700000000000003,0.43,82,12.9,4.0,-0.6,0.7
Kevin Durant,2018-2019,2028.0,499.20000000000005,460.20000000000005,28.2,0.631,85.80000000000001,54.599999999999994,0.885,0.353,0.521,78,24.2,11.5,4.3,4.3
Kevin Huerter,2018-2019,727.5,247.5,217.5,15.2,0.5329999999999999,22.5,67.5,0.732,0.385,0.419,75,10.1,1.5,-1.9,0.1
Kevin Knox,2018-2019,960.0,337.5,82.5,21.8,0.475,22.5,45.0,0.7170000000000001,0.34299999999999997,0.37,75,8.7,-1.3,-6.0,-2.2
Kevin Love,2018-2019,374.0,239.8,48.400000000000006,25.7,0.561,4.4,6.6,0.904,0.361,0.385,22,19.5,1.3,-1.7,0.0
Kevon Looney,2018-2019,504.0,416.0,120.0,12.0,0.636,56.0,48.0,0.619,0.1,0.625,80,17.3,6.0,3.7,2.1
Khem Birch,2018-2019,240.0,190.0,40.0,13.4,0.64,30.0,20.0,0.6990000000000001,0.0,0.603,50,19.2,2.8,2.4,0.7
Khris Middleton,2018-2019,1409.1000000000001,462.0,331.09999999999997,24.5,0.5579999999999999,7.7,77.0,0.8370000000000001,0.37799999999999995,0.441,77,16.5,6.1,0.8,1.7
Khyri Thomas,2018-2019,59.8,20.8,7.8,15.7,0.413,5.2,7.8,0.636,0.28600000000000003,0.319,26,6.2,0.0,-5.2,-0.2
Klay Thompson,2018-2019,1677.0,296.4,187.2,25.2,0.5710000000000001,46.8,85.80000000000001,0.816,0.402,0.467,78,16.6,5.3,-0.8,0.8
Kobi Simmons,2018-2019,0.0,0.0,0.0,0.0,0.0,0.0,0.0,,,,1,0.0,0.0,-7.3,0.0
Kosta Koufos,2018-2019,155.4,176.4,37.800000000000004,14.8,0.47700000000000004,16.8,16.8,0.41700000000000004,,0.47700000000000004,42,12.3,0.7,-2.5,-0.1
Kostas Antetokounmpo,2018-2019,2.0,1.0,0.0,24.0,0.21,0.0,2.0,0.5,,0.0,2,-0.9,-0.1,-13.3,0.0
Kris Dunn,2018-2019,519.8000000000001,188.6,276.0,19.7,0.484,23.0,69.0,0.797,0.354,0.425,46,12.4,0.6,-1.8,0.1
Kyle Anderson,2018-2019,344.0,249.4,129.0,12.6,0.569,38.7,55.9,0.578,0.265,0.5429999999999999,43,12.8,2.7,1.2,1.0
Kyle Korver,2018-2019,602.0,161.0,84.0,17.2,0.5820000000000001,14.0,28.0,0.8220000000000001,0.397,0.41600000000000004,70,11.2,2.3,-1.5,0.2
Kyle Kuzma,2018-2019,1309.0,385.0,175.0,23.2,0.546,28.0,42.0,0.752,0.303,0.456,70,14.0,3.1,-1.7,0.2
Kyle Lowry,2018-2019,923.0,312.0,565.5,19.0,0.562,32.5,91.0,0.83,0.34700000000000003,0.41100000000000003,65,16.5,6.6,3.1,2.8
Kyle O'Quinn,2018-2019,157.5,117.0,54.0,19.4,0.537,27.0,9.0,0.81,0.083,0.507,45,16.8,1.0,1.8,0.4
Kyrie Irving,2018-2019,1594.6000000000001,335.0,462.3,28.5,0.5920000000000001,33.5,100.5,0.873,0.401,0.48700000000000004,67,24.3,9.1,6.4,4.7
LaMarcus Aldridge,2018-2019,1725.3,745.1999999999999,194.4,26.7,0.5760000000000001,105.3,40.5,0.847,0.23800000000000002,0.519,81,22.9,9.3,1.6,2.5
Lance Stephenson,2018-2019,489.6,217.60000000000002,142.8,19.5,0.529,6.800000000000001,40.8,0.685,0.371,0.426,68,11.8,1.1,-2.1,0.0
Lance Thomas,2018-2019,207.0,115.0,27.599999999999998,12.7,0.48200000000000004,9.200000000000001,18.400000000000002,0.75,0.278,0.396,46,6.4,0.1,-5.3,-0.7
Landry Shamet,2018-2019,718.9,134.29999999999998,118.5,14.4,0.604,7.9,39.5,0.8059999999999999,0.42200000000000004,0.431,79,11.0,3.6,-1.0,0.5
Langston Galloway,2018-2019,672.0,168.0,88.0,15.2,0.534,8.0,40.0,0.8440000000000001,0.355,0.38799999999999996,80,10.7,3.4,-1.3,0.3
Larry Nance Jr.,2018-2019,629.8000000000001,549.4,214.4,15.1,0.583,40.199999999999996,100.5,0.716,0.337,0.52,67,18.6,4.9,4.0,2.7
Lauri Markkanen,2018-2019,972.4,468.0,72.8,24.4,0.5529999999999999,31.2,36.4,0.872,0.361,0.43,52,17.1,2.7,-1.9,0.0
LeBron James,2018-2019,1507.0,467.5,456.50000000000006,30.9,0.588,33.0,71.5,0.665,0.33899999999999997,0.51,55,25.6,7.2,8.1,4.9
Lonzo Ball,2018-2019,465.3,249.1,253.8,16.6,0.48700000000000004,18.8,70.5,0.41700000000000004,0.32899999999999996,0.406,47,11.7,1.6,0.5,0.9
Lorenzo Brown,2018-2019,54.6,31.2,28.6,16.5,0.38,5.2,13.0,1.0,0.214,0.324,26,6.3,-0.1,-4.3,-0.1
Lou Williams,2018-2019,1500.0,225.0,405.0,30.7,0.5539999999999999,7.5,60.0,0.8759999999999999,0.361,0.425,75,21.2,5.1,0.4,1.2
Luc Mbah a Moute,2018-2019,20.0,7.2,2.0,13.9,0.495,1.2,1.2,0.4,0.33299999999999996,0.444,4,6.7,0.0,-5.4,-0.1
Luka Doncic,2018-2019,1526.3999999999999,561.6,432.0,29.4,0.545,21.599999999999998,79.2,0.713,0.327,0.42700000000000005,72,19.6,4.9,4.1,3.6
Luke Kennard,2018-2019,611.0999999999999,182.7,113.4,17.8,0.56,12.600000000000001,25.200000000000003,0.836,0.39399999999999996,0.43799999999999994,63,11.9,2.5,-1.5,0.2
Luke Kornet,2018-2019,322.0,133.4,55.199999999999996,17.7,0.531,41.4,27.599999999999998,0.826,0.363,0.37799999999999995,46,14.8,1.4,0.7,0.5
Luol Deng,2018-2019,156.2,72.6,17.6,15.4,0.588,8.8,15.399999999999999,0.7140000000000001,0.318,0.5,22,14.6,0.8,-0.6,0.1
Malachi Richardson,2018-2019,30.799999999999997,13.2,0.0,14.1,0.48100000000000004,0.0,0.0,0.8,0.32,0.31,22,0.9,-0.1,-10.8,-0.2
Malcolm Brogdon,2018-2019,998.4,288.0,204.8,19.9,0.614,12.8,44.8,0.9279999999999999,0.426,0.505,64,17.8,6.5,1.5,1.6
Malcolm Miller,2018-2019,35.0,5.0,1.0,17.9,0.63,1.0,1.0,0.75,0.47600000000000003,0.423,10,13.7,0.2,-2.0,0.0
Malik Beasley,2018-2019,915.3000000000001,202.5,97.2,18.0,0.599,8.1,56.699999999999996,0.848,0.402,0.474,81,14.2,4.5,-0.5,0.7
Malik Monk,2018-2019,649.7,138.7,116.80000000000001,23.4,0.518,21.9,36.5,0.882,0.33,0.387,73,11.8,0.3,-3.9,-0.6
MarShon Brooks,2018-2019,191.39999999999998,46.400000000000006,26.1,23.1,0.518,2.9000000000000004,8.7,0.6970000000000001,0.278,0.45,29,11.6,0.1,-5.6,-0.3
Marc Gasol,2018-2019,1074.3999999999999,624.1,347.6,20.9,0.546,86.9,86.9,0.759,0.363,0.44799999999999995,79,16.7,6.0,2.8,3.0
Marcin Gortat,2018-2019,235.0,263.2,65.8,14.6,0.562,23.5,4.7,0.7290000000000001,,0.532,47,12.8,1.4,-1.1,0.2
Marco Belinelli,2018-2019,829.5,197.5,134.29999999999998,18.5,0.557,7.9,31.6,0.903,0.37200000000000005,0.413,79,11.9,2.5,-2.1,0.0
Marcus Derrickson,2018-2019,46.2,13.2,1.1,23.3,0.653,1.1,0.0,0.8,0.5,0.485,11,19.4,0.2,-2.8,0.0
Marcus Morris,2018-2019,1042.5,457.5,112.5,20.2,0.568,22.5,45.0,0.8440000000000001,0.375,0.447,75,14.2,4.5,-1.4,0.3
Marcus Smart,2018-2019,712.0,232.0,320.0,14.2,0.568,32.0,144.0,0.8059999999999999,0.364,0.42200000000000004,80,13.1,5.3,1.8,2.1
Mario Hezonja,2018-2019,510.40000000000003,237.79999999999998,87.0,20.6,0.49700000000000005,5.800000000000001,58.0,0.763,0.276,0.41200000000000003,58,10.8,-0.1,-4.0,-0.6
Markelle Fultz,2018-2019,155.79999999999998,70.3,58.9,18.7,0.452,5.7,17.1,0.568,0.28600000000000003,0.419,19,10.5,0.3,-3.1,-0.1
Markieff Morris,2018-2019,545.2,266.79999999999995,81.19999999999999,18.9,0.521,23.200000000000003,34.8,0.772,0.335,0.42100000000000004,58,11.7,1.6,-2.8,-0.3
Marquese Chriss,2018-2019,180.6,141.9,21.5,19.4,0.455,12.9,17.2,0.711,0.222,0.37200000000000005,43,9.2,-0.2,-6.2,-0.5
Marvin Bagley III,2018-2019,923.8000000000001,471.2,62.0,23.6,0.562,62.0,31.0,0.691,0.313,0.504,62,18.9,3.6,-1.8,0.1
Marvin Williams,2018-2019,757.5,405.0,90.0,14.6,0.5479999999999999,60.0,67.5,0.767,0.366,0.42200000000000004,75,12.6,3.8,0.3,1.3
Mason Plumlee,2018-2019,639.6,524.8000000000001,246.0,15.7,0.602,73.8,65.60000000000001,0.561,0.2,0.593,82,17.8,5.8,3.8,2.6
Matthew Dellavedova,2018-2019,283.20000000000005,76.80000000000001,182.39999999999998,17.2,0.532,0.0,14.399999999999999,0.8079999999999999,0.33799999999999997,0.405,48,11.1,0.5,-5.5,-0.7
Maurice Harkless,2018-2019,462.0,270.0,72.0,13.4,0.547,54.0,66.0,0.6709999999999999,0.275,0.48700000000000004,60,13.2,3.4,2.2,1.5
Maxi Kleber,2018-2019,482.8,326.59999999999997,71.0,13.1,0.579,78.10000000000001,35.5,0.784,0.353,0.45299999999999996,71,13.1,3.5,1.5,1.3
Meyers Leonard,2018-2019,359.90000000000003,231.79999999999998,73.2,14.7,0.675,6.1000000000000005,12.200000000000001,0.843,0.45,0.545,61,15.8,3.0,1.4,0.8
Michael Beasley,2018-2019,182.0,59.8,26.0,28.5,0.532,10.4,7.8,0.718,0.17600000000000002,0.49,26,15.9,0.2,-4.0,-0.1
Michael Carter-Williams,2018-2019,134.4,70.0,70.0,17.4,0.45799999999999996,14.0,19.599999999999998,0.604,0.263,0.374,28,14.7,0.8,0.0,0.2
Michael Kidd-Gilchrist,2018-2019,428.8,243.2,64.0,15.0,0.5529999999999999,38.4,32.0,0.772,0.34,0.47600000000000003,64,13.3,2.5,-1.3,0.2
Mikal Bridges,2018-2019,680.6,262.40000000000003,172.20000000000002,11.8,0.556,41.0,131.20000000000002,0.805,0.335,0.43,82,10.8,2.9,-0.2,1.1
Mike Conley,2018-2019,1477.0,238.0,448.0,26.1,0.569,21.0,91.0,0.845,0.364,0.43799999999999994,70,21.4,8.0,3.4,3.2
Mike Muscala,2018-2019,448.0,243.2,76.8,13.7,0.564,38.4,19.2,0.8240000000000001,0.348,0.402,64,10.8,2.5,-0.7,0.4
Mike Scott,2018-2019,458.2,276.5,63.2,13.7,0.528,15.8,23.7,0.667,0.401,0.4,79,8.6,1.6,-2.7,-0.2
Miles Bridges,2018-2019,600.0,320.0,96.0,14.5,0.5479999999999999,48.0,56.0,0.753,0.325,0.46399999999999997,80,13.1,2.9,-0.6,0.6
Miles Plumlee,2018-2019,79.2,39.6,16.2,16.5,0.654,3.6,5.3999999999999995,0.5329999999999999,,0.667,18,18.9,0.5,-0.1,0.1
Milos Teodosic,2018-2019,48.0,16.5,31.5,16.9,0.557,1.5,3.0,0.5710000000000001,0.37,0.425,15,6.5,-0.1,-6.1,-0.2
Mitchell Robinson,2018-2019,481.8,422.40000000000003,39.6,11.8,0.6920000000000001,158.4,52.800000000000004,0.6,,0.6940000000000001,66,22.0,6.1,5.7,2.7
Monte Morris,2018-2019,852.8000000000001,196.79999999999998,295.2,16.7,0.5770000000000001,0.0,73.8,0.802,0.414,0.493,82,16.2,6.2,0.2,1.1
Montrezl Harrell,2018-2019,1361.2,533.0,164.0,22.6,0.636,106.60000000000001,73.8,0.643,0.17600000000000002,0.615,82,23.4,8.7,4.2,3.4
Moritz Wagner,2018-2019,206.4,86.0,25.8,20.8,0.5329999999999999,12.9,12.9,0.8109999999999999,0.28600000000000003,0.415,43,10.1,0.2,-5.1,-0.3
Myles Turner,2018-2019,984.2,532.8000000000001,118.4,19.8,0.5670000000000001,199.8,59.2,0.736,0.38799999999999996,0.48700000000000004,74,18.0,6.3,3.3,2.8
Naz Mitrou-Long,2018-2019,15.400000000000002,5.6000000000000005,15.400000000000002,13.7,0.38299999999999995,1.4000000000000001,1.4000000000000001,1.0,0.182,0.3,14,2.2,-0.1,-8.9,-0.1
Nemanja Bjelica,2018-2019,739.1999999999999,446.59999999999997,146.29999999999998,16.1,0.585,53.9,53.9,0.7609999999999999,0.401,0.479,77,15.4,4.5,2.0,1.8
Nene,2018-2019,151.20000000000002,121.8,25.2,11.3,0.552,16.8,16.8,0.66,0.0,0.517,42,11.9,1.4,-2.0,0.0
Nerlens Noel,2018-2019,377.3,323.40000000000003,46.199999999999996,13.6,0.608,92.39999999999999,69.3,0.684,,0.5870000000000001,77,19.3,4.3,3.9,1.6
Nick Young,2018-2019,9.2,1.2,2.0,12.5,0.5,1.2,0.0,,0.375,0.33299999999999996,4,2.3,0.0,-7.0,0.0
Nicolas Batum,2018-2019,697.5,390.0,247.5,12.8,0.581,45.0,67.5,0.865,0.389,0.45,75,11.9,3.7,0.8,1.7
Nik Stauskas,2018-2019,401.20000000000005,129.2,81.6,16.9,0.545,6.800000000000001,20.4,0.8909999999999999,0.37200000000000005,0.402,68,10.9,1.1,-3.2,-0.3
Nikola Jokic,2018-2019,1608.0,864.0,584.0,26.9,0.589,56.0,112.0,0.821,0.307,0.511,80,26.3,11.8,9.5,7.3
Nikola Mirotic,2018-2019,699.1999999999999,340.40000000000003,55.199999999999996,20.4,0.584,32.199999999999996,32.199999999999996,0.847,0.365,0.439,46,17.2,3.5,0.0,0.6
Nikola Vucevic,2018-2019,1664.0,960.0,304.0,27.4,0.573,88.0,80.0,0.789,0.364,0.518,80,25.5,10.1,6.4,5.3
Noah Vonleh,2018-2019,571.2,530.4,129.2,14.3,0.561,54.400000000000006,47.599999999999994,0.7120000000000001,0.336,0.47,68,13.9,3.2,0.0,0.9
Norman Powell,2018-2019,516.0,138.0,90.0,18.0,0.596,12.0,42.0,0.8270000000000001,0.4,0.483,60,13.3,2.4,-0.7,0.4
OG Anunoby,2018-2019,469.0,194.29999999999998,46.9,14.7,0.544,20.099999999999998,46.9,0.581,0.332,0.45299999999999996,67,9.8,2.0,-1.2,0.3
Okaro White,2018-2019,0.0,2.0999999999999996,0.0,10.5,0.0,0.0,0.0,,0.0,0.0,3,-4.5,0.0,-19.2,0.0
Omari Spellman,2018-2019,271.40000000000003,193.20000000000002,46.0,14.4,0.516,23.0,27.599999999999998,0.711,0.344,0.402,46,12.4,1.2,-1.0,0.2
Omri Casspi,2018-2019,226.79999999999998,115.2,25.2,17.0,0.606,10.799999999999999,21.599999999999998,0.672,0.349,0.534,36,15.7,1.3,-1.8,0.0
PJ Dozier,2018-2019,19.200000000000003,16.799999999999997,4.800000000000001,17.3,0.434,0.0,1.7999999999999998,0.5,0.25,0.381,6,16.0,0.1,-1.1,0.0
Pascal Siakam,2018-2019,1352.0,552.0,248.0,20.3,0.628,56.0,72.0,0.785,0.369,0.5489999999999999,80,18.7,9.3,3.4,3.5
Pat Connaughton,2018-2019,420.90000000000003,256.2,122.0,12.9,0.573,24.400000000000002,30.5,0.725,0.33,0.466,61,13.6,3.9,1.6,1.2
Patrick Beverley,2018-2019,592.8,390.0,296.4,11.9,0.561,46.8,70.2,0.78,0.397,0.40700000000000003,78,11.8,4.8,2.4,2.3
Patrick McCaw,2018-2019,75.4,49.3,29.0,9.1,0.532,2.9000000000000004,23.200000000000003,0.867,0.321,0.413,29,7.5,0.5,-1.2,0.1
Patrick Patterson,2018-2019,226.8,144.89999999999998,31.5,11.7,0.493,12.600000000000001,18.9,0.633,0.336,0.374,63,8.1,1.1,-3.7,-0.4
Patty Mills,2018-2019,811.8000000000001,180.4,246.0,17.3,0.5720000000000001,8.200000000000001,49.199999999999996,0.8540000000000001,0.39399999999999996,0.425,82,13.2,3.5,-0.5,0.7
Pau Gasol,2018-2019,117.0,138.0,51.0,14.9,0.529,15.0,6.0,0.7,0.462,0.447,30,16.7,1.1,0.6,0.2
Paul George,2018-2019,2156.0,631.4,315.7,28.4,0.583,30.8,169.4,0.8390000000000001,0.386,0.43799999999999994,77,23.3,11.9,5.5,5.3
Paul Millsap,2018-2019,882.0,504.0,140.0,19.0,0.57,56.0,84.0,0.727,0.365,0.484,70,17.9,6.1,2.4,2.1
Quincy Acy,2018-2019,17.0,25.0,8.0,8.6,0.379,4.0,1.0,0.7,0.133,0.222,10,2.9,-0.1,-5.9,-0.1
Quincy Pondexter,2018-2019,95.4,47.7,26.5,12.8,0.6409999999999999,0.0,10.600000000000001,0.81,0.33299999999999996,0.5,53,13.2,0.8,-1.4,0.0
Quinn Cook,2018-2019,510.6,155.4,118.4,19.9,0.565,0.0,22.2,0.769,0.405,0.465,74,13.1,1.8,-2.9,-0.2
Rajon Rondo,2018-2019,423.2,243.79999999999998,368.0,17.2,0.473,9.200000000000001,55.199999999999996,0.639,0.359,0.405,46,12.1,1.3,-1.6,0.1
Raul Neto,2018-2019,196.1,62.9,92.5,18.2,0.5579999999999999,3.7,14.8,0.848,0.33299999999999996,0.46,37,13.5,1.1,-1.6,0.0
Rawle Alkins,2018-2019,37.0,26.0,13.0,17.3,0.418,0.0,1.0,0.667,0.25,0.33299999999999996,10,8.1,-0.1,-6.5,-0.1
Ray Spalding,2018-2019,54.6,47.6,5.6000000000000005,16.1,0.516,8.4,8.4,0.33299999999999996,0.0,0.532,14,14.6,0.2,-3.4,-0.1
Raymond Felton,2018-2019,141.9,33.0,52.800000000000004,16.4,0.505,6.6000000000000005,9.9,0.9229999999999999,0.32799999999999996,0.40700000000000003,33,11.2,0.7,-4.2,-0.2
Reggie Bullock,2018-2019,711.9000000000001,170.10000000000002,126.0,15.3,0.563,12.600000000000001,37.8,0.8590000000000001,0.377,0.41200000000000003,63,10.5,3.1,-0.9,0.5
Reggie Jackson,2018-2019,1262.8,213.20000000000002,344.40000000000003,23.6,0.547,8.200000000000001,57.4,0.8640000000000001,0.369,0.42100000000000004,82,15.2,5.0,-0.3,1.0
Richaun Holmes,2018-2019,574.0,329.0,63.0,17.2,0.647,77.0,42.0,0.731,,0.608,70,20.7,4.3,1.4,1.0
Ricky Rubio,2018-2019,863.5999999999999,244.8,414.79999999999995,21.9,0.52,6.800000000000001,88.4,0.855,0.311,0.40399999999999997,68,14.0,3.7,0.0,0.9
Robert Covington,2018-2019,465.5,192.5,45.5,15.3,0.58,45.5,73.5,0.764,0.37799999999999995,0.431,35,13.3,2.5,2.4,1.3
Robin Lopez,2018-2019,703.0,288.59999999999997,88.8,18.1,0.598,81.4,7.4,0.7240000000000001,0.226,0.568,74,15.9,2.7,-1.1,0.4
Rodions Kurucs,2018-2019,535.5,245.7,50.400000000000006,17.4,0.545,25.200000000000003,44.099999999999994,0.7829999999999999,0.315,0.45,63,11.0,1.6,-2.4,-0.1
Rodney Hood,2018-2019,806.4,158.4,129.6,17.7,0.545,14.4,57.6,0.884,0.35600000000000004,0.435,72,12.3,2.6,-2.4,-0.2
Rodney McGruder,2018-2019,501.59999999999997,237.6,112.2,14.7,0.51,13.200000000000001,33.0,0.722,0.35100000000000003,0.40299999999999997,66,9.4,1.9,-2.0,0.0
Ron Baker,2018-2019,13.5,10.5,15.0,7.4,0.309,1.5,6.0,0.833,0.077,0.2,15,2.5,-0.1,-6.6,-0.2
Rondae Hollis-Jefferson,2018-2019,525.1,312.7,94.4,20.7,0.46399999999999997,29.5,41.3,0.645,0.184,0.41100000000000003,59,12.5,1.2,-3.0,-0.3
Royce O'Neale,2018-2019,426.40000000000003,287.0,123.0,10.6,0.589,24.599999999999998,57.4,0.762,0.386,0.475,82,9.0,3.3,0.1,0.9
Rudy Gay,2018-2019,945.3,469.2,179.4,21.4,0.583,34.5,55.2,0.816,0.402,0.504,69,17.5,4.4,1.0,1.4
Rudy Gobert,2018-2019,1287.9,1044.9,162.0,17.4,0.682,186.29999999999998,64.8,0.636,,0.669,81,24.6,14.4,7.0,5.9
Russell Westbrook,2018-2019,1671.6999999999998,810.3,781.0999999999999,30.1,0.501,36.5,138.7,0.6559999999999999,0.29,0.428,73,21.1,6.8,6.5,5.6
Ryan Arcidiacono,2018-2019,542.7,218.70000000000002,267.3,11.6,0.588,0.0,64.8,0.873,0.373,0.447,81,11.6,3.7,-1.0,0.5
Ryan Broekhoff,2018-2019,168.0,63.0,21.0,13.9,0.621,4.2,4.2,0.789,0.409,0.452,42,10.7,0.8,-2.3,0.0
Salah Mejri,2018-2019,140.4,129.6,36.0,15.2,0.5589999999999999,25.2,10.799999999999999,0.625,0.324,0.491,36,16.1,1.1,1.9,0.4
Sam Dekker,2018-2019,286.7,145.70000000000002,47.0,15.5,0.519,4.7,37.6,0.609,0.306,0.469,47,13.3,1.0,-2.3,-0.1
Scott Machado,2018-2019,10.0,0.0,3.2,12.8,0.7759999999999999,0.0,1.2,1.0,1.0,0.667,4,22.2,0.1,-4.4,0.0
Semi Ojeleye,2018-2019,184.79999999999998,84.0,22.400000000000002,13.5,0.531,5.6000000000000005,11.200000000000001,0.615,0.315,0.424,56,8.5,0.7,-4.3,-0.3
Serge Ibaka,2018-2019,1110.0,599.4,96.2,22.5,0.5820000000000001,103.6,29.6,0.763,0.29,0.529,74,18.7,6.1,0.5,1.3
Seth Curry,2018-2019,584.6,118.4,66.60000000000001,16.2,0.595,14.8,37.0,0.846,0.45,0.456,74,11.4,2.4,-1.3,0.2
Shabazz Napier,2018-2019,526.4,100.8,145.6,23.2,0.534,16.8,39.199999999999996,0.833,0.33299999999999996,0.389,56,15.3,2.0,-0.7,0.3
Shai Gilgeous-Alexander,2018-2019,885.6,229.6,270.59999999999997,18.1,0.5539999999999999,41.0,98.39999999999999,0.8,0.36700000000000005,0.47600000000000003,82,13.4,3.3,-0.3,0.9
Shake Milton,2018-2019,88.0,36.0,18.0,14.6,0.483,8.0,8.0,0.7140000000000001,0.318,0.391,20,9.3,0.3,-2.7,0.0
Shaquille Harrison,2018-2019,474.5,219.0,138.7,15.9,0.494,29.200000000000003,87.6,0.667,0.27,0.43200000000000005,73,12.4,1.4,-1.3,0.2
Shaun Livingston,2018-2019,256.0,115.2,115.2,11.7,0.555,25.6,32.0,0.784,0.0,0.519,64,11.7,2.0,-1.5,0.1
Shelvin Mack,2018-2019,427.5,102.60000000000001,182.4,17.7,0.489,5.7,45.6,0.69,0.354,0.40399999999999997,57,10.4,0.9,-4.1,-0.7
Sindarius Thornwell,2018-2019,64.0,44.8,19.2,10.2,0.485,6.4,12.8,0.735,0.2,0.34700000000000003,64,5.2,0.0,-4.0,-0.2
Skal Labissiere,2018-2019,66.0,44.0,11.0,15.2,0.593,6.6,4.4,0.529,0.462,0.531,22,12.6,0.3,-1.8,0.0
Solomon Hill,2018-2019,189.2,132.0,57.2,10.3,0.49700000000000005,8.8,22.0,0.7190000000000001,0.317,0.382,44,6.8,0.5,-2.3,-0.1
Spencer Dinwiddie,2018-2019,1142.4,163.2,312.79999999999995,24.1,0.58,20.4,40.8,0.8059999999999999,0.335,0.442,68,16.3,4.8,-0.2,0.8
Stanley Johnson,2018-2019,455.40000000000003,217.79999999999998,85.8,18.5,0.485,13.200000000000001,59.4,0.7809999999999999,0.28800000000000003,0.389,66,9.6,0.5,-2.6,-0.2
Stephen Curry,2018-2019,1883.7,365.7,358.8,29.1,0.6409999999999999,27.6,89.7,0.9159999999999999,0.43700000000000006,0.47200000000000003,69,24.4,9.7,6.3,4.9
Sterling Brown,2018-2019,371.20000000000005,185.60000000000002,81.19999999999999,14.8,0.563,5.800000000000001,23.200000000000003,0.69,0.361,0.465,58,10.9,2.1,-1.6,0.1
Steven Adams,2018-2019,1112.0,760.0,128.0,15.9,0.591,80.0,120.0,0.5,0.0,0.595,80,18.5,9.1,2.7,3.2
T.J. McConnell,2018-2019,486.40000000000003,174.79999999999998,258.4,14.7,0.555,15.200000000000001,76.0,0.784,0.33299999999999996,0.525,76,13.4,2.9,-1.6,0.1
T.J. Warren,2018-2019,774.0,172.0,64.5,22.1,0.58,30.099999999999998,51.6,0.815,0.428,0.486,43,16.3,2.1,-1.7,0.1
Tahjere McCall,2018-2019,4.0,1.0,0.0,13.6,0.581,0.0,0.0,0.0,0.0,0.667,1,9.6,0.0,-9.8,0.0
Taj Gibson,2018-2019,756.0,455.0,84.0,16.5,0.612,42.0,56.0,0.757,0.324,0.5660000000000001,70,17.8,5.1,1.0,1.3
Taurean Prince,2018-2019,742.5,198.0,115.5,18.8,0.575,16.5,55.0,0.8190000000000001,0.39,0.441,55,11.9,1.5,-1.9,0.0
Terrance Ferguson,2018-2019,510.6,140.6,74.0,10.4,0.5660000000000001,14.8,37.0,0.725,0.366,0.429,74,6.4,2.8,-1.9,0.0
Terrence Jones,2018-2019,2.0,4.0,0.0,31.3,0.225,0.0,0.0,0.0,0.0,0.25,2,-15.8,-0.1,-52.3,-0.1
Terrence Ross,2018-2019,1223.1,283.5,137.7,22.8,0.561,32.4,72.9,0.875,0.38299999999999995,0.428,81,15.4,4.3,-0.3,0.9
Terry Rozier,2018-2019,711.0,308.09999999999997,229.1,17.9,0.501,23.7,71.10000000000001,0.785,0.353,0.387,79,12.9,3.2,-0.7,0.6
Thabo Sefolosha,2018-2019,190.0,125.0,25.0,12.8,0.599,5.0,45.0,0.636,0.436,0.47700000000000004,50,12.1,1.5,0.6,0.4
Thaddeus Young,2018-2019,1020.6,526.5,202.5,17.7,0.569,32.4,121.5,0.644,0.349,0.527,81,16.2,6.9,2.9,3.1
Theo Pinson,2018-2019,81.0,36.0,21.599999999999998,19.0,0.49,0.0,5.3999999999999995,0.8640000000000001,0.261,0.342,18,8.1,0.0,-4.8,-0.1
Thomas Bryant,2018-2019,756.0,453.59999999999997,93.60000000000001,16.9,0.674,64.8,21.599999999999998,0.7809999999999999,0.33299999999999996,0.616,72,21.0,5.6,1.6,1.3
Thomas Welsh,2018-2019,17.6,4.4,5.5,15.3,0.648,0.0,0.0,0.5,0.429,0.5379999999999999,11,16.1,0.1,-2.6,0.0
Thon Maker,2018-2019,320.0,204.8,44.8,14.6,0.53,51.2,19.2,0.667,0.32,0.40700000000000003,64,11.3,2.0,-0.7,0.3
Tim Frazier,2018-2019,312.7,165.2,247.8,13.1,0.544,5.9,29.5,0.759,0.366,0.444,59,11.7,2.0,-2.3,-0.1
Tim Hardaway Jr.,2018-2019,1176.5,221.0,156.0,24.5,0.527,6.5,52.0,0.841,0.34,0.39299999999999996,65,13.6,1.8,-2.4,-0.2
Timothe Luwawu-Cabarrot,2018-2019,229.99999999999997,95.0,25.0,15.5,0.489,10.0,20.0,0.7559999999999999,0.31,0.376,50,8.0,0.2,-5.0,-0.5
Tobias Harris,2018-2019,1640.0,647.8000000000001,229.6,22.4,0.5920000000000001,41.0,49.199999999999996,0.866,0.397,0.48700000000000004,82,17.2,7.1,0.5,1.8
Tomas Satoransky,2018-2019,712.0,280.0,400.0,13.9,0.59,16.0,80.0,0.8190000000000001,0.395,0.485,80,14.1,4.7,-0.6,0.8
Tony Bradley,2018-2019,17.1,15.0,0.8999999999999999,19.8,0.504,2.0999999999999996,2.0999999999999996,0.5,,0.5,3,19.6,0.1,-0.7,0.0
Tony Parker,2018-2019,532.0,84.0,207.20000000000002,24.4,0.512,5.6000000000000005,22.400000000000002,0.7340000000000001,0.255,0.46,56,15.3,0.9,-5.3,-0.8
Tony Snell,2018-2019,444.0,155.4,66.60000000000001,12.5,0.585,14.8,29.6,0.8809999999999999,0.397,0.452,74,10.7,3.2,-1.0,0.3
Torrey Craig,2018-2019,427.5,262.5,75.0,12.0,0.547,45.0,37.5,0.7,0.324,0.442,75,10.4,3.0,-0.1,0.7
Trae Young,2018-2019,1547.1000000000001,299.7,656.1,27.4,0.539,16.2,72.9,0.8290000000000001,0.324,0.418,81,17.0,3.3,-1.1,0.6
Treveon Graham,2018-2019,185.5,108.5,35.0,12.2,0.45799999999999996,7.0,14.0,0.818,0.297,0.335,35,6.1,0.5,-2.9,-0.2
Trevon Duval,2018-2019,5.1,0.8999999999999999,2.0999999999999996,23.1,0.833,0.0,0.0,,1.0,0.667,3,38.3,0.1,9.7,0.0
Trevor Ariza,2018-2019,862.5,372.6,255.3,16.4,0.534,20.7,89.7,0.7929999999999999,0.33399999999999996,0.39899999999999997,69,12.0,2.5,-0.5,0.9
Trey Burke,2018-2019,632.2,98.6,156.60000000000002,24.0,0.524,5.800000000000001,34.8,0.831,0.35200000000000004,0.431,58,16.5,1.9,-2.5,-0.1
Trey Lyles,2018-2019,544.0,243.2,89.6,22.7,0.5,25.6,32.0,0.698,0.255,0.418,64,12.7,1.2,-3.3,-0.4
Tristan Thompson,2018-2019,468.7,438.59999999999997,86.0,17.3,0.551,17.2,30.099999999999998,0.642,,0.529,43,18.4,2.6,0.3,0.7
Troy Brown Jr.,2018-2019,249.6,145.6,78.0,15.7,0.48700000000000004,5.2,20.8,0.6809999999999999,0.319,0.415,52,11.1,0.6,-3.7,-0.3
Troy Caupain,2018-2019,10.0,3.2,4.0,21.6,0.625,0.0,1.2,,0.667,0.5,4,30.7,0.1,8.9,0.0
Troy Daniels,2018-2019,316.2,71.39999999999999,25.5,16.9,0.5579999999999999,5.1000000000000005,25.5,0.7829999999999999,0.381,0.41100000000000003,51,9.8,0.3,-4.4,-0.5
Troy Williams,2018-2019,111.3,58.8,10.5,14.2,0.531,8.4,10.5,0.6,0.318,0.449,21,10.5,0.4,-2.6,0.0
Tyler Cavanaugh,2018-2019,8.8,7.699999999999999,1.1,11.5,0.414,0.0,0.0,1.0,0.2,0.3,11,5.0,0.0,-6.9,0.0
Tyler Dorsey,2018-2019,297.6,115.19999999999999,57.599999999999994,18.0,0.509,0.0,14.399999999999999,0.623,0.33299999999999996,0.405,48,11.2,0.6,-3.8,-0.3
Tyler Johnson,2018-2019,621.3000000000001,171.0,165.29999999999998,17.9,0.532,28.5,51.300000000000004,0.748,0.34600000000000003,0.413,57,12.4,2.3,-1.0,0.4
Tyler Lydon,2018-2019,22.5,17.5,5.0,9.7,0.595,0.0,2.5,0.33299999999999996,0.4,0.5,25,9.3,0.2,-2.5,0.0
Tyler Zeller,2018-2019,46.2,24.0,4.199999999999999,19.0,0.607,3.0,1.2000000000000002,0.778,0.0,0.5329999999999999,6,17.3,0.3,-2.2,0.0
Tyreke Evans,2018-2019,703.8,200.1,165.6,25.3,0.483,20.7,55.2,0.7190000000000001,0.35600000000000004,0.389,69,11.5,0.3,-3.6,-0.6
Tyrone Wallace,2018-2019,217.0,99.2,43.4,17.2,0.45,6.2,18.599999999999998,0.526,0.21100000000000002,0.424,62,7.0,-0.3,-6.3,-0.7
Tyson Chandler,2018-2019,170.5,308.0,38.5,8.3,0.63,22.0,22.0,0.586,0.0,0.616,55,11.2,2.1,-1.3,0.2
Tyus Jones,2018-2019,469.20000000000005,136.0,326.4,13.8,0.491,6.800000000000001,81.6,0.841,0.317,0.415,68,13.7,3.0,-1.8,0.1
Udonis Haslem,2018-2019,25.0,27.0,2.0,19.5,0.36,0.0,0.0,0.75,0.0,0.33299999999999996,10,3.6,-0.1,-14.1,-0.2
Victor Oladipo,2018-2019,676.8000000000001,201.6,187.20000000000002,27.6,0.519,10.799999999999999,61.199999999999996,0.73,0.34299999999999997,0.423,36,17.6,2.3,2.3,1.3
Vince Carter,2018-2019,562.4,197.6,83.60000000000001,16.2,0.565,30.400000000000002,45.6,0.7120000000000001,0.389,0.419,76,11.8,1.9,-1.6,0.1
Wayne Ellington,2018-2019,545.9000000000001,106.0,74.19999999999999,16.6,0.569,5.300000000000001,53.0,0.7959999999999999,0.371,0.40299999999999997,53,11.8,2.6,0.2,0.7
Wayne Selden,2018-2019,517.5,180.0,112.5,17.6,0.491,15.0,30.0,0.728,0.316,0.406,75,8.3,-0.3,-5.1,-1.1
Wendell Carter Jr.,2018-2019,453.20000000000005,308.0,79.2,19.0,0.541,57.2,26.4,0.795,0.188,0.485,44,15.2,1.9,-0.5,0.4
Wesley Johnson,2018-2019,129.2,72.2,22.8,11.4,0.469,11.4,15.200000000000001,0.684,0.32899999999999996,0.35200000000000004,38,5.5,0.0,-4.3,-0.3
Wesley Matthews,2018-2019,841.8,172.5,158.7,17.3,0.546,13.8,55.2,0.81,0.37200000000000005,0.4,69,10.3,2.7,-1.5,0.3
Will Barton,2018-2019,494.5,197.79999999999998,124.7,19.4,0.501,21.5,17.2,0.77,0.342,0.402,43,11.0,1.2,-2.3,-0.1
Willie Cauley-Stein,2018-2019,963.9,680.4,194.4,17.2,0.5660000000000001,48.6,97.2,0.551,0.5,0.556,81,18.0,6.7,2.0,2.3
Willy Hernangomez,2018-2019,423.4,313.20000000000005,58.0,20.3,0.5870000000000001,17.4,17.4,0.6940000000000001,0.385,0.519,58,20.4,2.6,-0.2,0.4
Wilson Chandler,2018-2019,306.0,214.20000000000002,81.60000000000001,11.5,0.537,20.400000000000002,25.5,0.72,0.373,0.418,51,8.5,1.5,-1.0,0.3
Yante Maten,2018-2019,2.0,3.0,0.0,13.3,0.25,0.0,1.0,,0.0,0.25,2,5.7,0.0,-10.6,0.0
Yogi Ferrell,2018-2019,418.90000000000003,106.5,134.9,15.8,0.55,7.1000000000000005,35.5,0.8959999999999999,0.36200000000000004,0.435,71,12.7,1.9,-2.3,-0.1
Yuta Watanabe,2018-2019,39.0,31.5,7.5,14.8,0.35200000000000004,1.5,4.5,0.7,0.125,0.294,15,3.3,-0.2,-9.3,-0.3
Zach Collins,2018-2019,508.2,323.40000000000003,69.3,16.4,0.562,69.3,23.099999999999998,0.746,0.331,0.473,77,13.5,2.9,0.1,0.7
Zach LaVine,2018-2019,1493.1,296.1,283.5,29.6,0.574,25.200000000000003,63.0,0.8320000000000001,0.374,0.467,63,18.7,2.8,0.0,1.1
Zaza Pachulia,2018-2019,265.2,265.2,88.4,14.6,0.539,20.4,34.0,0.782,0.0,0.44,68,13.7,2.3,0.2,0.5
Zhaire Smith,2018-2019,40.2,13.200000000000001,10.2,16.4,0.5329999999999999,1.7999999999999998,1.7999999999999998,0.75,0.375,0.41200000000000003,6,9.5,0.1,-4.0,-0.1
Zhou Qi,2018-2019,2.0,0.0,0.0,33.3,1.0,0.0,0.0,,,1.0,1,80.4,0.0,9.5,0.0
